<?xml version="1.0" encoding="UTF-8"?>
<doublecmd DCVersion="1.1.21 gamma" ConfigVersion="15">
  <Configuration Save="True" SortOrder="0" TreeType="0">
    <FolderTabs Save="True"/>
  </Configuration>
  <Colors>
    <UseCursorBorder>False</UseCursorBorder>
    <CursorBorderColor>-2147483635</CursorBorderColor>
    <UseFrameCursor>False</UseFrameCursor>
    <Foreground>-2147483621</Foreground>
    <Background>0</Background>
    <Background2>0</Background2>
    <Cursor>-2147483635</Cursor>
    <CursorText>-2147483634</CursorText>
    <Mark>255</Mark>
    <InactiveCursor>-2147483645</InactiveCursor>
    <InactiveMark>128</InactiveMark>
    <UseInvertedSelection>False</UseInvertedSelection>
    <UseInactiveSelColor>False</UseInactiveSelColor>
    <AllowOverColor>True</AllowOverColor>
    <InactivePanelBrightness>100</InactivePanelBrightness>
    <FreeSpaceIndicator>
      <UseGradient>True</UseGradient>
      <ForeColor>0</ForeColor>
      <BackColor>16777215</BackColor>
    </FreeSpaceIndicator>
    <gBorderFrameWidth>1</gBorderFrameWidth>
    <LogWindow>
      <Info>8388608</Info>
      <Error>255</Error>
      <Success>32768</Success>
    </LogWindow>
    <PathLabel>
      <ActiveColor>-2147483635</ActiveColor>
      <ActiveFontColor>-2147483634</ActiveFontColor>
      <InactiveColor>-2147483633</InactiveColor>
      <InactiveFontColor>-2147483630</InactiveFontColor>
    </PathLabel>
  </Colors>
  <Plugins>
    <WlxPlugins>
      <WlxPlugin Enabled="True">
        <Name>wlxMplayer</Name>
        <Path>%commander_path%/plugins/wlx/wlxmplayer/wlxmplayer.wlx</Path>
        <DetectString>(EXT="MPG")|(EXT="AVI")|(EXT="MPEG")|(EXT="FLV")</DetectString>
      </WlxPlugin>
    </WlxPlugins>
    <DsxPlugins/>
    <WcxPlugins>
      <WcxPlugin Enabled="True">
        <ArchiveExt>zip</ArchiveExt>
        <Path>%commander_path%/plugins/wcx/zip/zip.wcx</Path>
        <Flags>735</Flags>
      </WcxPlugin>
      <WcxPlugin Enabled="True">
        <ArchiveExt>tar</ArchiveExt>
        <Path>%commander_path%/plugins/wcx/zip/zip.wcx</Path>
        <Flags>223</Flags>
      </WcxPlugin>
      <WcxPlugin Enabled="True">
        <ArchiveExt>bz2</ArchiveExt>
        <Path>%commander_path%/plugins/wcx/zip/zip.wcx</Path>
        <Flags>91</Flags>
      </WcxPlugin>
      <WcxPlugin Enabled="True">
        <ArchiveExt>tbz</ArchiveExt>
        <Path>%commander_path%/plugins/wcx/zip/zip.wcx</Path>
        <Flags>95</Flags>
      </WcxPlugin>
      <WcxPlugin Enabled="True">
        <ArchiveExt>gz</ArchiveExt>
        <Path>%commander_path%/plugins/wcx/zip/zip.wcx</Path>
        <Flags>91</Flags>
      </WcxPlugin>
      <WcxPlugin Enabled="True">
        <ArchiveExt>tgz</ArchiveExt>
        <Path>%commander_path%/plugins/wcx/zip/zip.wcx</Path>
        <Flags>95</Flags>
      </WcxPlugin>
      <WcxPlugin Enabled="True">
        <ArchiveExt>lzma</ArchiveExt>
        <Path>%commander_path%/plugins/wcx/zip/zip.wcx</Path>
        <Flags>1</Flags>
      </WcxPlugin>
      <WcxPlugin Enabled="True">
        <ArchiveExt>tlz</ArchiveExt>
        <Path>%commander_path%/plugins/wcx/zip/zip.wcx</Path>
        <Flags>95</Flags>
      </WcxPlugin>
      <WcxPlugin Enabled="True">
        <ArchiveExt>xz</ArchiveExt>
        <Path>%commander_path%/plugins/wcx/zip/zip.wcx</Path>
        <Flags>91</Flags>
      </WcxPlugin>
      <WcxPlugin Enabled="True">
        <ArchiveExt>txz</ArchiveExt>
        <Path>%commander_path%/plugins/wcx/zip/zip.wcx</Path>
        <Flags>95</Flags>
      </WcxPlugin>
      <WcxPlugin Enabled="True">
        <ArchiveExt>zipx</ArchiveExt>
        <Path>%commander_path%/plugins/wcx/zip/zip.wcx</Path>
        <Flags>223</Flags>
      </WcxPlugin>
      <WcxPlugin Enabled="True">
        <ArchiveExt>cpio</ArchiveExt>
        <Path>%commander_path%/plugins/wcx/cpio/cpio.wcx</Path>
        <Flags>4</Flags>
      </WcxPlugin>
      <WcxPlugin Enabled="True">
        <ArchiveExt>deb</ArchiveExt>
        <Path>%commander_path%/plugins/wcx/deb/deb.wcx</Path>
        <Flags>4</Flags>
      </WcxPlugin>
      <WcxPlugin Enabled="True">
        <ArchiveExt>rpm</ArchiveExt>
        <Path>%commander_path%/plugins/wcx/rpm/rpm.wcx</Path>
        <Flags>4</Flags>
      </WcxPlugin>
      <WcxPlugin Enabled="True">
        <ArchiveExt>rar</ArchiveExt>
        <Path>%commander_path%/plugins/wcx/unrar/unrar.wcx</Path>
        <Flags>607</Flags>
      </WcxPlugin>
      <WcxPlugin Enabled="True">
        <ArchiveExt>jar</ArchiveExt>
        <Path>%commander_path%/plugins/wcx/zip/zip.wcx</Path>
        <Flags>990</Flags>
      </WcxPlugin>
      <WcxPlugin Enabled="True">
        <ArchiveExt>zst</ArchiveExt>
        <Path>%commander_path%/plugins/wcx/zip/zip.wcx</Path>
        <Flags>91</Flags>
      </WcxPlugin>
      <WcxPlugin Enabled="True">
        <ArchiveExt>b64</ArchiveExt>
        <Path>%commander_path%/plugins/wcx/base64/base64.wcx</Path>
        <Flags>1</Flags>
      </WcxPlugin>
      <WcxPlugin Enabled="True">
        <ArchiveExt>b64</ArchiveExt>
        <Path>%commander_path%/plugins/wcx/base64/base64.wcx</Path>
        <Flags>1</Flags>
      </WcxPlugin>
      <WcxPlugin Enabled="True">
        <ArchiveExt>b64</ArchiveExt>
        <Path>%commander_path%/plugins/wcx/base64/base64.wcx</Path>
        <Flags>1</Flags>
      </WcxPlugin>
    </WcxPlugins>
    <WdxPlugins>
      <WdxPlugin>
        <Name>deb_wdx</Name>
        <Path>%COMMANDER_PATH%/plugins/wdx/deb_wdx/deb_wdx.wdx</Path>
        <DetectString>EXT="DEB"</DetectString>
      </WdxPlugin>
      <WdxPlugin>
        <Name>rpm_wdx</Name>
        <Path>%COMMANDER_PATH%/plugins/wdx/rpm_wdx/rpm_wdx.wdx</Path>
        <DetectString>EXT="RPM"</DetectString>
      </WdxPlugin>
      <WdxPlugin>
        <Name>audioinfo</Name>
        <Path>%COMMANDER_PATH%/plugins/wdx/audioinfo/audioinfo.wdx</Path>
        <DetectString>(EXT="MP3") | (EXT="MP2") | (EXT="MP1") | (EXT="OGG") | (EXT="WMA") | (EXT="WAV") | (EXT="VQF") | (EXT="AAC") | (EXT="APE") | (EXT="MPC") | (EXT="FLAC") | (EXT="CDA") | (EXT="TTA") | (EXT="AC3") | (EXT="DTS") | (EXT="WV") | (EXT="WVC") | (EXT="OFR") | (EXT="OFS") | (EXT="M4A") | (EXT="MP4")</DetectString>
      </WdxPlugin>
    </WdxPlugins>
    <WfxPlugins>
      <WfxPlugin Enabled="True">
        <Name>FTP</Name>
        <Path>%commander_path%/plugins/wfx/ftp/ftp.wfx</Path>
      </WfxPlugin>
      <WfxPlugin Enabled="False">
        <Name>Windows Network</Name>
        <Path>%commander_path%/plugins/wfx/samba/samba.wfx</Path>
      </WfxPlugin>
    </WfxPlugins>
    <TweakPluginWidth0>0</TweakPluginWidth0>
    <TweakPluginHeight0>0</TweakPluginHeight0>
    <TweakPluginWidth1>0</TweakPluginWidth1>
    <TweakPluginHeight1>0</TweakPluginHeight1>
    <TweakPluginWidth2>0</TweakPluginWidth2>
    <TweakPluginHeight2>0</TweakPluginHeight2>
    <TweakPluginWidth3>0</TweakPluginWidth3>
    <TweakPluginHeight3>0</TweakPluginHeight3>
    <TweakPluginWidth4>0</TweakPluginWidth4>
    <TweakPluginHeight4>0</TweakPluginHeight4>
    <AutoTweak>False</AutoTweak>
    <WCXConfigViewMode>0</WCXConfigViewMode>
    <PluginFilenameStyle>0</PluginFilenameStyle>
    <PluginPathToBeRelativeTo>%COMMANDER_PATH%</PluginPathToBeRelativeTo>
  </Plugins>
  <Toolbars>
    <MainToolbar>
      <Row>
        <Command>
          <ID>{3873E1AA-F9B0-40CE-9CE5-C722AC671DF8}</ID>
          <Icon>cm_refresh</Icon>
          <Command>cm_Refresh</Command>
        </Command>
        <Command>
          <ID>{E87F93B2-2129-466D-AAF9-0E62303A87FD}</ID>
          <Icon>cm_runterm</Icon>
          <Command>cm_RunTerm</Command>
        </Command>
        <Command>
          <ID>{24387900-447B-4B80-9331-B44CA6D814C2}</ID>
          <Icon>cm_options</Icon>
          <Command>cm_Options</Command>
        </Command>
        <Separator>
          <Style>False</Style>
        </Separator>
        <Command>
          <ID>{E8897E12-77F6-4CB8-ABFC-3B500E2ABDF0}</ID>
          <Icon>cm_briefview</Icon>
          <Command>cm_BriefView</Command>
        </Command>
        <Command>
          <ID>{C58CFAC9-8C6C-4BA8-91B8-863D4CB1FF1E}</ID>
          <Icon>cm_columnsview</Icon>
          <Command>cm_ColumnsView</Command>
        </Command>
        <Command>
          <ID>{01BFD3E8-64DA-415E-8837-50FC89DB01D5}</ID>
          <Icon>cm_thumbnailsview</Icon>
          <Command>cm_ThumbnailsView</Command>
        </Command>
        <Separator>
          <Style>False</Style>
        </Separator>
        <Command>
          <ID>{BC28DCC4-A6C8-415E-9760-92A0764E1F67}</ID>
          <Icon>cm_flatview</Icon>
          <Command>cm_FlatView</Command>
        </Command>
        <Separator>
          <Style>False</Style>
        </Separator>
        <Command>
          <ID>{039DA910-0E05-4FEA-BEDF-31A9E446D84C}</ID>
          <Icon>cm_viewhistoryprev</Icon>
          <Command>cm_ViewHistoryPrev</Command>
        </Command>
        <Command>
          <ID>{8055C3B9-FEBE-4806-A92A-D2D81215FF96}</ID>
          <Icon>cm_viewhistorynext</Icon>
          <Command>cm_ViewHistoryNext</Command>
        </Command>
        <Separator>
          <Style>False</Style>
        </Separator>
        <Command>
          <ID>{1C832024-E80A-4F6C-86A0-C2C54E054905}</ID>
          <Icon>cm_markplus</Icon>
          <Command>cm_MarkPlus</Command>
        </Command>
        <Command>
          <ID>{E0CC4FE5-C251-4B47-83FC-9AC22E43DD24}</ID>
          <Icon>cm_markminus</Icon>
          <Command>cm_MarkMinus</Command>
        </Command>
        <Command>
          <ID>{D2DA9762-6480-4516-8D79-993DDAAF817C}</ID>
          <Icon>cm_markinvert</Icon>
          <Command>cm_MarkInvert</Command>
        </Command>
        <Separator>
          <Style>False</Style>
        </Separator>
        <Command>
          <ID>{4CA877D6-7D35-4A08-9616-07CDB4B7F5C5}</ID>
          <Icon>cm_packfiles</Icon>
          <Command>cm_PackFiles</Command>
        </Command>
        <Command>
          <ID>{04D14D15-36F3-40C5-9A2C-E762DF1C6791}</ID>
          <Icon>cm_extractfiles</Icon>
          <Command>cm_ExtractFiles</Command>
        </Command>
        <Separator>
          <Style>False</Style>
        </Separator>
        <Command>
          <ID>{268AB3BC-B4E5-43B2-A11A-65B67D5A50E5}</ID>
          <Icon>cm_search</Icon>
          <Command>cm_Search</Command>
        </Command>
        <Command>
          <ID>{C057DA94-F53F-4B4C-A99C-661845F01C7D}</ID>
          <Icon>cm_multirename</Icon>
          <Command>cm_MultiRename</Command>
        </Command>
        <Command>
          <ID>{B932D1E8-AA8A-4876-B386-228133B6E4CF}</ID>
          <Icon>cm_syncdirs</Icon>
          <Command>cm_SyncDirs</Command>
        </Command>
        <Command>
          <ID>{A69E49A9-E4BE-4512-9C5C-C7CE753C5CB4}</ID>
          <Icon>cm_copyfullnamestoclip</Icon>
          <Command>cm_CopyFullNamesToClip</Command>
        </Command>
      </Row>
    </MainToolbar>
    <MiddleToolbar>
      <Row>
        <Command>
          <ID>{EED71491-08CA-47A3-929D-54C1EB91EAA3}</ID>
          <Icon>cm_view</Icon>
          <Command>cm_View</Command>
        </Command>
        <Command>
          <ID>{CB46108F-049F-4880-8A08-1848C5796D69}</ID>
          <Icon>cm_edit</Icon>
          <Command>cm_Edit</Command>
        </Command>
        <Command>
          <ID>{BF704120-E7CF-4AFF-8798-8D4C6C58FD58}</ID>
          <Icon>cm_copy</Icon>
          <Command>cm_Copy</Command>
        </Command>
        <Command>
          <ID>{D0D5C470-8AB5-496A-9D37-81403AAB7C58}</ID>
          <Icon>cm_rename</Icon>
          <Command>cm_Rename</Command>
        </Command>
        <Separator>
          <Style>True</Style>
        </Separator>
        <Command>
          <ID>{2BA50E00-0CBA-4F4F-971E-21AB9FC8CF64}</ID>
          <Icon>cm_packfiles</Icon>
          <Command>cm_PackFiles</Command>
        </Command>
        <Command>
          <ID>{837A5FF5-06EF-4064-8972-753C288962EC}</ID>
          <Icon>cm_makedir</Icon>
          <Command>cm_MakeDir</Command>
        </Command>
      </Row>
    </MiddleToolbar>
  </Toolbars>
  <Language>
    <POFileName>doublecmd.hu.po</POFileName>
  </Language>
  <Behaviours>
    <GoToRoot>False</GoToRoot>
    <ShowCurDirTitleBar>False</ShowCurDirTitleBar>
    <ActiveRight>False</ActiveRight>
    <RunInTerminalStayOpenCmd>x-terminal-emulator</RunInTerminalStayOpenCmd>
    <RunInTerminalStayOpenParams>-e sh -c '{command}; echo -n Press ENTER to exit... ; read a'</RunInTerminalStayOpenParams>
    <RunInTerminalCloseCmd>x-terminal-emulator</RunInTerminalCloseCmd>
    <RunInTerminalCloseParams>-e sh -c {command}</RunInTerminalCloseParams>
    <JustRunTerminal>x-terminal-emulator</JustRunTerminal>
    <JustRunTermParams/>
    <OnlyOneAppInstance>True</OnlyOneAppInstance>
    <LynxLike>True</LynxLike>
    <FileSizeFormat>0</FileSizeFormat>
    <OperationSizeFormat>0</OperationSizeFormat>
    <HeaderSizeFormat>0</HeaderSizeFormat>
    <FooterSizeFormat>0</FooterSizeFormat>
    <FileSizeDigits>1</FileSizeDigits>
    <HeaderDigits>1</HeaderDigits>
    <FooterDigits>1</FooterDigits>
    <OperationSizeDigits>1</OperationSizeDigits>
    <PersonalizedByte>B</PersonalizedByte>
    <PersonalizedKilo>KB</PersonalizedKilo>
    <PersonalizedMega>MB</PersonalizedMega>
    <PersonalizedGiga>GB</PersonalizedGiga>
    <PersonalizedTera>TB</PersonalizedTera>
    <ConfirmQuit>False</ConfirmQuit>
    <MinimizeToTray>False</MinimizeToTray>
    <AlwaysShowTrayIcon>False</AlwaysShowTrayIcon>
    <Mouse>
      <Selection Enabled="True">
        <Button>0</Button>
        <IconClick>0</IconClick>
      </Selection>
      <SingleClickStart>0</SingleClickStart>
      <ScrollMode>1</ScrollMode>
      <WheelScrollLines>3</WheelScrollLines>
    </Mouse>
    <AutoFillColumns>True</AutoFillColumns>
    <AutoSizeColumn>0</AutoSizeColumn>
    <CustomColumnsChangeAllColumns>False</CustomColumnsChangeAllColumns>
    <BriefViewFileExtAligned>False</BriefViewFileExtAligned>
    <DateTimeFormat>yyyy.mm.dd. hh:nn:ss</DateTimeFormat>
    <ColumnsTitleLikeValues>False</ColumnsTitleLikeValues>
    <CutTextToColumnWidth>False</CutTextToColumnWidth>
    <ExtendCellWidth>False</ExtendCellWidth>
    <ShowSystemFiles>False</ShowSystemFiles>
    <ListFilesInThread>True</ListFilesInThread>
    <LoadIconsSeparately>True</LoadIconsSeparately>
    <DelayLoadingTabs>True</DelayLoadingTabs>
    <HighlightUpdatedFiles>True</HighlightUpdatedFiles>
    <DriveBlackList/>
    <DriveBlackListUnmounted>True</DriveBlackListUnmounted>
  </Behaviours>
  <Tools>
    <Viewer Enabled="False">
      <Path/>
      <Parameters/>
      <RunInTerminal>False</RunInTerminal>
      <KeepTerminalOpen>False</KeepTerminalOpen>
    </Viewer>
    <Editor Enabled="False">
      <Path/>
      <Parameters/>
      <RunInTerminal>False</RunInTerminal>
      <KeepTerminalOpen>False</KeepTerminalOpen>
    </Editor>
    <Differ Enabled="False">
      <Path/>
      <Parameters/>
      <RunInTerminal>False</RunInTerminal>
      <KeepTerminalOpen>False</KeepTerminalOpen>
      <FramePosAfterComp>0</FramePosAfterComp>
    </Differ>
  </Tools>
  <Fonts>
    <Main>
      <Name>Play</Name>
      <Size>13</Size>
      <Style>0</Style>
      <Quality>0</Quality>
    </Main>
    <Editor>
      <Name>Luxi Mono</Name>
      <Size>10</Size>
      <Style>0</Style>
      <Quality>0</Quality>
    </Editor>
    <Viewer>
      <Name>Noto Sans Mono</Name>
      <Size>10</Size>
      <Style>0</Style>
      <Quality>0</Quality>
    </Viewer>
    <Log>
      <Name>Noto Sans Mono</Name>
      <Size>10</Size>
      <Style>0</Style>
      <Quality>0</Quality>
    </Log>
    <ViewerBook>
      <Name>Linux Biolinum O</Name>
      <Size>12</Size>
      <Style>0</Style>
      <Quality>0</Quality>
    </ViewerBook>
    <Console>
      <Name>Luxi Mono</Name>
      <Size>10</Size>
      <Style>0</Style>
      <Quality>0</Quality>
    </Console>
    <OptionsTree>
      <Name>default</Name>
      <Size>10</Size>
      <Style>0</Style>
      <Quality>0</Quality>
    </OptionsTree>
    <OptionsMain>
      <Name>default</Name>
      <Size>10</Size>
      <Style>0</Style>
      <Quality>0</Quality>
    </OptionsMain>
    <SearchResults>
      <Name>default</Name>
      <Size>10</Size>
      <Style>0</Style>
      <Quality>0</Quality>
    </SearchResults>
    <PathEdit>
      <Name>Play</Name>
      <Size>12</Size>
      <Style>0</Style>
      <Quality>0</Quality>
    </PathEdit>
    <FunctionButtons>
      <Name>default</Name>
      <Size>8</Size>
      <Style>0</Style>
      <Quality>0</Quality>
    </FunctionButtons>
    <TreeViewMenu>
      <Name>default</Name>
      <Size>10</Size>
      <Style>0</Style>
      <Quality>0</Quality>
    </TreeViewMenu>
    <StatusBar>
      <Name>default</Name>
      <Size>0</Size>
      <Style>0</Style>
      <Quality>0</Quality>
    </StatusBar>
  </Fonts>
  <ToolTips>
    <ShowToolTipMode>True</ShowToolTipMode>
    <CustomFields/>
    <ActualToolTipMode>0</ActualToolTipMode>
    <ToolTipHideTimeOut>0</ToolTipHideTimeOut>
  </ToolTips>
  <Layout>
    <MainMenu>True</MainMenu>
    <ButtonBar Enabled="False">
      <FlatIcons>True</FlatIcons>
      <ButtonHeight>24</ButtonHeight>
      <IconSize>26</IconSize>
      <ShowCaptions>False</ShowCaptions>
      <ReportErrorWithCommands>False</ReportErrorWithCommands>
      <FilenameStyle>0</FilenameStyle>
      <PathToBeRelativeTo>%COMMANDER_PATH%</PathToBeRelativeTo>
      <PathModifierElements>0</PathModifierElements>
    </ButtonBar>
    <MiddleBar Enabled="False">
      <FlatIcons>True</FlatIcons>
      <ButtonHeight>24</ButtonHeight>
      <IconSize>20</IconSize>
      <ShowCaptions>False</ShowCaptions>
      <ReportErrorWithCommands>False</ReportErrorWithCommands>
    </MiddleBar>
    <DriveBar1>True</DriveBar1>
    <DriveBar2>True</DriveBar2>
    <DriveBarFlat>True</DriveBarFlat>
    <DrivesListButton Enabled="True">
      <ShowLabel>True</ShowLabel>
      <ShowFileSystem>True</ShowFileSystem>
      <ShowFreeSpace>True</ShowFreeSpace>
    </DrivesListButton>
    <SeparateTree>False</SeparateTree>
    <DirectoryTabs>True</DirectoryTabs>
    <CurrentDirectory>True</CurrentDirectory>
    <TabHeader>True</TabHeader>
    <StatusBar>True</StatusBar>
    <CmdLine>True</CmdLine>
    <LogWindow>False</LogWindow>
    <TermWindow>False</TermWindow>
    <KeyButtons>True</KeyButtons>
    <InterfaceFlat>True</InterfaceFlat>
    <DriveFreeSpace>True</DriveFreeSpace>
    <DriveIndicator>True</DriveIndicator>
    <ProgressInMenuBar>False</ProgressInMenuBar>
    <PanelOfOperationsInBackground>True</PanelOfOperationsInBackground>
    <HorizontalFilePanels>False</HorizontalFilePanels>
    <ShortFormatDriveInfo>True</ShortFormatDriveInfo>
    <UppercaseDriveLetter>False</UppercaseDriveLetter>
    <ShowColonAfterDrive>False</ShowColonAfterDrive>
  </Layout>
  <FilesViews>
    <Sorting>
      <CaseSensitivity>0</CaseSensitivity>
      <NaturalSorting>False</NaturalSorting>
      <SortFolderMode>0</SortFolderMode>
      <NewFilesPosition>2</NewFilesPosition>
      <UpdatedFilesPosition>2</UpdatedFilesPosition>
      <SpecialSorting>False</SpecialSorting>
    </Sorting>
    <ColumnsView>
      <AutoSaveWidth>True</AutoSaveWidth>
      <TitleStyle>1</TitleStyle>
      <LongInStatus>False</LongInStatus>
    </ColumnsView>
    <BriefView>
      <FileExtAligned>False</FileExtAligned>
      <Columns>
        <FixedWidth>100</FixedWidth>
        <FixedCount>2</FixedCount>
        <AutoSize>2</AutoSize>
      </Columns>
    </BriefView>
    <ExtraLineSpan>2</ExtraLineSpan>
    <FolderPrefix>[</FolderPrefix>
    <FolderPostfix>]</FolderPostfix>
    <RenameConfirmMouse>False</RenameConfirmMouse>
  </FilesViews>
  <Keyboard>
    <Typing>
      <Actions>
        <NoModifier>2</NoModifier>
        <Alt>0</Alt>
        <CtrlAlt>3</CtrlAlt>
      </Actions>
    </Typing>
  </Keyboard>
  <FileOperations>
    <BufferSize>524288</BufferSize>
    <HashBufferSize>8388608</HashBufferSize>
    <UseMmapInSearch>False</UseMmapInSearch>
    <PartialNameSearch>True</PartialNameSearch>
    <WipePassNumber>-1</WipePassNumber>
    <DropReadOnlyFlag>False</DropReadOnlyFlag>
    <ProcessComments>False</ProcessComments>
    <RenameSelOnlyName>False</RenameSelOnlyName>
    <ShowCopyTabSelectPanel>False</ShowCopyTabSelectPanel>
    <UseTrash>True</UseTrash>
    <SkipFileOpError>False</SkipFileOpError>
    <TypeOfDuplicatedRename>0</TypeOfDuplicatedRename>
    <ShowDialogOnDragDrop>True</ShowDialogOnDragDrop>
    <DragAndDropTextRichtextDesireLevel>0</DragAndDropTextRichtextDesireLevel>
    <DragAndDropTextHtmlDesireLevel>1</DragAndDropTextHtmlDesireLevel>
    <DragAndDropTextUnicodeDesireLevel>2</DragAndDropTextUnicodeDesireLevel>
    <DragAndDropTextSimpletextDesireLevel>3</DragAndDropTextSimpletextDesireLevel>
    <DragAndDropAskFormatEachTime>False</DragAndDropAskFormatEachTime>
    <DragAndDropTextAutoFilename>False</DragAndDropTextAutoFilename>
    <DragAndDropSaveUnicodeTextInUFT8>True</DragAndDropSaveUnicodeTextInUFT8>
    <NtfsHourTimeDelay>False</NtfsHourTimeDelay>
    <AutoExtractOpenMask/>
    <SearchDefaultTemplate/>
    <ProgressKind>0</ProgressKind>
    <Confirmations>15</Confirmations>
    <Options>
      <Symlink>0</Symlink>
      <CorrectLinks>False</CorrectLinks>
      <FileExists>0</FileExists>
      <DirectoryExists>0</DirectoryExists>
      <SetPropertyError>0</SetPropertyError>
      <ReserveSpace>False</ReserveSpace>
      <CheckFreeSpace>True</CheckFreeSpace>
      <CopyAttributes>True</CopyAttributes>
      <CopyTime>True</CopyTime>
      <CopyOwnership>False</CopyOwnership>
      <CopyPermissions>False</CopyPermissions>
      <ExcludeEmptyTemplateDirectories>True</ExcludeEmptyTemplateDirectories>
      <Verify>False</Verify>
      <CopyOnWrite>2</CopyOnWrite>
      <CopyXattributes>True</CopyXattributes>
    </Options>
    <InitiallyClearFileMask>True</InitiallyClearFileMask>
    <NewSearchClearFiltersAction>0</NewSearchClearFiltersAction>
    <ShowMenuBarInFindFiles>True</ShowMenuBarInFindFiles>
    <Extract>
      <Overwrite>False</Overwrite>
    </Extract>
    <LongNameAlert>True</LongNameAlert>
    <MultiRename>
      <MulRenShowMenuBarOnTop>True</MulRenShowMenuBarOnTop>
      <MulRenInvalidCharReplacement>.</MulRenInvalidCharReplacement>
      <MulRenLaunchBehavor>0</MulRenLaunchBehavor>
      <MulRenExitModifiedPreset>0</MulRenExitModifiedPreset>
      <MulRenSaveRenamingLog>0</MulRenSaveRenamingLog>
      <MulRenLogFilename>%DC_CONFIG_PATH%/multirename.log</MulRenLogFilename>
      <MultRenDailyIndividualDirLog>True</MultRenDailyIndividualDirLog>
      <MulRenFilenameWithFullPathInLog>False</MulRenFilenameWithFullPathInLog>
      <MulRenPathRangeSeparator>- </MulRenPathRangeSeparator>
    </MultiRename>
    <DefaultDropEffect>True</DefaultDropEffect>
  </FileOperations>
  <Tabs>
    <Options>49937</Options>
    <CharacterLimit>32</CharacterLimit>
    <Position>0</Position>
    <ActionOnDoubleClick>2</ActionOnDoubleClick>
  </Tabs>
  <Log Enabled="False" LogFileWithDateInName="False" Count="0">
    <FileName>%DC_CONFIG_PATH%/doublecmd.log</FileName>
    <Options>1023</Options>
  </Log>
  <History>
    <SearchReplaceHistory Save="True"/>
    <DirHistory Save="True" Count="30"/>
    <CmdLineHistory Save="True"/>
    <FileMaskHistory Save="True"/>
    <VolumeSizeHistory Save="True"/>
    <CreateDirectoriesHistory Save="True"/>
  </History>
  <QuickSearch>
    <MatchBeginning>True</MatchBeginning>
    <MatchEnding>True</MatchEnding>
    <Case>1</Case>
    <Items>2</Items>
  </QuickSearch>
  <QuickFilter>
    <AutoHide>True</AutoHide>
    <SaveSessionModifications>False</SaveSessionModifications>
  </QuickFilter>
  <Miscellaneous>
    <GridVertLine>False</GridVertLine>
    <GridHorzLine>False</GridHorzLine>
    <ShowWarningMessages>True</ShowWarningMessages>
    <SpaceMovesDown>True</SpaceMovesDown>
    <DirBrackets>True</DirBrackets>
    <InplaceRename>False</InplaceRename>
    <HotDirAddTargetOrNot>False</HotDirAddTargetOrNot>
    <HotDirFullExpandOrNot>False</HotDirFullExpandOrNot>
    <ShowPathInPopup>False</ShowPathInPopup>
    <ShowOnlyValidEnv>True</ShowOnlyValidEnv>
    <WhereToAddNewHotDir>2</WhereToAddNewHotDir>
    <DblClickToParent>False</DblClickToParent>
    <InplaceRenameButton>False</InplaceRenameButton>
    <FilenameStyle>0</FilenameStyle>
    <PathToBeRelativeTo>%COMMANDER_PATH%</PathToBeRelativeTo>
    <PathModifierElements>0</PathModifierElements>
    <DefaultTextEncoding>none</DefaultTextEncoding>
    <SystemItemProperties>False</SystemItemProperties>
    <DoubleClickEditPath>False</DoubleClickEditPath>
    <DecimalSeparator>�</DecimalSeparator>
  </Miscellaneous>
  <Thumbnails Save="True">
    <Width>128</Width>
    <Height>128</Height>
  </Thumbnails>
  <AutoRefresh>
    <Options>3</Options>
    <ExcludeDirs/>
    <Mode>1</Mode>
  </AutoRefresh>
  <Icons>
    <ShowMode>3</ShowMode>
    <ShowOverlays>False</ShowOverlays>
    <Size>16</Size>
    <Exclude>False</Exclude>
    <ExcludeDirs/>
    <ShowInMenus Enabled="False">
      <Size>16</Size>
    </ShowInMenus>
    <Theme>dctheme</Theme>
    <DiskSize>16</DiskSize>
    <DiskAlpha>50</DiskAlpha>
    <CustomIcons>0</CustomIcons>
    <PixelsPerInch>96</PixelsPerInch>
    <ShowButtonGlyphs>0</ShowButtonGlyphs>
    <ShowHiddenDimmed>False</ShowHiddenDimmed>
    <ToolSize>24</ToolSize>
  </Icons>
  <IgnoreList Enabled="False">
    <IgnoreListFile>%DC_CONFIG_PATH%/ignorelist.txt</IgnoreListFile>
  </IgnoreList>
  <DirectoryHotList/>
  <Viewer>
    <PreviewVisible>False</PreviewVisible>
    <ImageStretch>False</ImageStretch>
    <ImageStretchLargeOnly>False</ImageStretchLargeOnly>
    <ImageCenter>True</ImageCenter>
    <CopyMovePath1/>
    <CopyMovePath2/>
    <CopyMovePath3/>
    <CopyMovePath4/>
    <CopyMovePath5/>
    <PaintMode>0</PaintMode>
    <PaintWidth>5</PaintWidth>
    <NumberOfColumns>1</NumberOfColumns>
    <ViewerMode>1</ViewerMode>
    <PaintColor>255</PaintColor>
    <BackgroundColor>0</BackgroundColor>
    <FontColor>16777215</FontColor>
    <TextPosition>0</TextPosition>
    <ImageExifRotate>True</ImageExifRotate>
    <TabSpaces>8</TabSpaces>
    <MaxTextWidth>1024</MaxTextWidth>
    <PrintMargins>200|200|200|200</PrintMargins>
    <ShowCaret>False</ShowCaret>
    <LeftMargin>4</LeftMargin>
    <ExtraLineSpan>0</ExtraLineSpan>
    <ImageShowTransparency>False</ImageShowTransparency>
    <WrapText>False</WrapText>
    <AutoCopy>True</AutoCopy>
    <SynEditMask>*</SynEditMask>
    <JpegQuality>80</JpegQuality>
    <MaxCodeSize>128</MaxCodeSize>
  </Viewer>
  <Editor>
    <EditWaitTime>2000</EditWaitTime>
    <SynEditOptions>856075</SynEditOptions>
    <SynEditTabWidth>8</SynEditTabWidth>
    <SynEditRightEdge>80</SynEditRightEdge>
    <SynEditBlockIndent>2</SynEditBlockIndent>
    <FindWordAtCursor>True</FindWordAtCursor>
  </Editor>
  <SyncDirs>
    <Subdirs>False</Subdirs>
    <ByContent>False</ByContent>
    <IgnoreDate>False</IgnoreDate>
    <FilterCopyRight>True</FilterCopyRight>
    <FilterEqual>True</FilterEqual>
    <FilterNotEqual>True</FilterNotEqual>
    <FilterCopyLeft>True</FilterCopyLeft>
    <FilterDuplicates>True</FilterDuplicates>
    <FilterSingles>True</FilterSingles>
    <FileMask Save="True">*</FileMask>
    <Asymmetric Save="False">False</Asymmetric>
    <Colors>
      <Left>32768</Left>
      <Right>16711680</Right>
      <Unknown>255</Unknown>
    </Colors>
    <DateTimeFormat>yyyy.mm.dd hh:nn:ss</DateTimeFormat>
    <FilterUnknown>True</FilterUnknown>
  </SyncDirs>
  <InternalAssociations>
    <OfferToAddNewFileType>False</OfferToAddNewFileType>
    <LastCustomAction>Custom action</LastCustomAction>
    <ExpandedContextMenu>False</ExpandedContextMenu>
    <ExecuteViaShell>False</ExecuteViaShell>
    <OpenSystemWithTerminalClose>False</OpenSystemWithTerminalClose>
    <OpenSystemWithTerminalStayOpen>False</OpenSystemWithTerminalStayOpen>
    <IncludeFileAssociation>False</IncludeFileAssociation>
    <FilenameStyle>0</FilenameStyle>
    <PathToBeRelativeTo>%COMMANDER_PATH%</PathToBeRelativeTo>
    <PathModifierElements>0</PathModifierElements>
    <DefaultContextActions>True</DefaultContextActions>
  </InternalAssociations>
  <FavoriteTabsOptions>
    <FavoriteTabsUseRestoreExtraOptions>False</FavoriteTabsUseRestoreExtraOptions>
    <WhereToAdd>1</WhereToAdd>
    <Expand>True</Expand>
    <GotoConfigAftSav>False</GotoConfigAftSav>
    <GotoConfigAftReSav>False</GotoConfigAftReSav>
    <DfltLeftGoTo>0</DfltLeftGoTo>
    <DfltRightGoTo>1</DfltRightGoTo>
    <DfltKeep>5</DfltKeep>
    <DfltSaveDirHistory>False</DfltSaveDirHistory>
    <FavTabsLastUniqueID>{DE76D0CD-00FC-4B83-BB28-141C7FA6973C}</FavTabsLastUniqueID>
  </FavoriteTabsOptions>
  <Lua>
    <PathToLibrary>liblua5.1.so.0</PathToLibrary>
  </Lua>
  <NameShortcutFile>shortcuts.scf</NameShortcutFile>
  <LastUsedPacker>zip</LastUsedPacker>
  <UseShellForFileOperations>False</UseShellForFileOperations>
  <LastDoAnyCommand>cm_Refresh</LastDoAnyCommand>
  <SearchTemplates/>
  <ColumnsSets DefaultTitleHash="1018380318">
    <ColumnsSet UseFrameCursor="False">
      <Name>Default</Name>
      <Unique>0ED5073E-A97A-4BA8-9D18-C325289E56FE</Unique>
      <CustomView>False</CustomView>
      <FileSystem>&lt;General&gt;</FileSystem>
      <PixelsPerInch>96</PixelsPerInch>
      <CursorBorder Enabled="False"/>
      <Columns>
        <Column>
          <Title>Név</Title>
          <Unique>7DADA77F-224C-4BFC-8D02-A21A9284F810</Unique>
          <FuncString>[DC().GETFILENAMENOEXT{}]</FuncString>
          <Width>250</Width>
          <Align>0</Align>
          <Font>
            <Name>Play</Name>
            <Size>13</Size>
            <Style>0</Style>
            <Quality>0</Quality>
          </Font>
          <UseInvertedSelection>False</UseInvertedSelection>
          <UseInactiveSelColor>False</UseInactiveSelColor>
          <Overcolor>True</Overcolor>
        </Column>
        <Column>
          <Title>Kit</Title>
          <Unique>62B9B095-CD0C-46C3-9AA4-9D2DCD8A55CB</Unique>
          <FuncString>[DC().GETFILEEXT{}]</FuncString>
          <Width>65</Width>
          <Align>0</Align>
          <Font>
            <Name>Play</Name>
            <Size>13</Size>
            <Style>0</Style>
            <Quality>0</Quality>
          </Font>
          <UseInvertedSelection>False</UseInvertedSelection>
          <UseInactiveSelColor>False</UseInactiveSelColor>
          <Overcolor>True</Overcolor>
        </Column>
        <Column>
          <Title>Méret</Title>
          <Unique>74A3F45B-7B22-474B-B8B6-3528E3692227</Unique>
          <FuncString>[DC().GETFILESIZE{}]</FuncString>
          <Width>75</Width>
          <Align>1</Align>
          <Font>
            <Name>Play</Name>
            <Size>13</Size>
            <Style>0</Style>
            <Quality>0</Quality>
          </Font>
          <UseInvertedSelection>False</UseInvertedSelection>
          <UseInactiveSelColor>False</UseInactiveSelColor>
          <Overcolor>True</Overcolor>
        </Column>
        <Column>
          <Title>Dátum</Title>
          <Unique>C510FAC1-0BAD-4DB5-9C5D-F4D87F4F39E8</Unique>
          <FuncString>[DC().GETFILETIME{}]</FuncString>
          <Width>179</Width>
          <Align>1</Align>
          <Font>
            <Name>Play</Name>
            <Size>13</Size>
            <Style>0</Style>
            <Quality>0</Quality>
          </Font>
          <UseInvertedSelection>False</UseInvertedSelection>
          <UseInactiveSelColor>False</UseInactiveSelColor>
          <Overcolor>True</Overcolor>
        </Column>
      </Columns>
    </ColumnsSet>
  </ColumnsSets>
  <MainWindow>
    <Position Save="True">
      <Left>226</Left>
      <Top>129</Top>
      <Width>1117</Width>
      <Height>557</Height>
      <Maximized>True</Maximized>
      <Splitter>50</Splitter>
      <PixelsPerInch>96</PixelsPerInch>
    </Position>
  </MainWindow>
  <Description>
    <CreateNewUnicode>True</CreateNewUnicode>
    <DefaultEncoding>2</DefaultEncoding>
    <CreateNewEncoding>3</CreateNewEncoding>
  </Description>
  <TreeViewMenu>
    <UseTVMDirectoryHotlistFMC>False</UseTVMDirectoryHotlistFMC>
    <UseTVMDirectoryHotlistFDC>False</UseTVMDirectoryHotlistFDC>
    <UseTVMFavoriteTabsFMC>False</UseTVMFavoriteTabsFMC>
    <UseTVMFavoriteTabsFDC>False</UseTVMFavoriteTabsFDC>
    <UseTVMDirHistory>False</UseTVMDirHistory>
    <UseTVMViewHistory>False</UseTVMViewHistory>
    <UseTVMCommandLineHistory>False</UseTVMCommandLineHistory>
    <TreeViewMenuShortcutExit>True</TreeViewMenuShortcutExit>
    <TreeViewMenuSingleClickExit>True</TreeViewMenuSingleClickExit>
    <TreeViewMenuDoubleClickExit>True</TreeViewMenuDoubleClickExit>
    <Context00>
      <CaseSensitive>False</CaseSensitive>
      <IgnoreAccents>True</IgnoreAccents>
      <ShowWholeBranchIfMatch>False</ShowWholeBranchIfMatch>
    </Context00>
    <Context01>
      <CaseSensitive>False</CaseSensitive>
      <IgnoreAccents>True</IgnoreAccents>
      <ShowWholeBranchIfMatch>False</ShowWholeBranchIfMatch>
    </Context01>
    <Context02>
      <CaseSensitive>False</CaseSensitive>
      <IgnoreAccents>True</IgnoreAccents>
      <ShowWholeBranchIfMatch>False</ShowWholeBranchIfMatch>
    </Context02>
    <Context03>
      <CaseSensitive>False</CaseSensitive>
      <IgnoreAccents>True</IgnoreAccents>
      <ShowWholeBranchIfMatch>False</ShowWholeBranchIfMatch>
    </Context03>
    <Context04>
      <CaseSensitive>False</CaseSensitive>
      <IgnoreAccents>True</IgnoreAccents>
      <ShowWholeBranchIfMatch>False</ShowWholeBranchIfMatch>
    </Context04>
    <Context05>
      <CaseSensitive>False</CaseSensitive>
      <IgnoreAccents>True</IgnoreAccents>
      <ShowWholeBranchIfMatch>False</ShowWholeBranchIfMatch>
    </Context05>
    <Context06>
      <CaseSensitive>False</CaseSensitive>
      <IgnoreAccents>True</IgnoreAccents>
      <ShowWholeBranchIfMatch>False</ShowWholeBranchIfMatch>
    </Context06>
    <TreeViewMenuUseKeyboardShortcut>True</TreeViewMenuUseKeyboardShortcut>
    <BackgroundColor>-2147483617</BackgroundColor>
    <ShortcutColor>255</ShortcutColor>
    <NormalTextColor>-2147483640</NormalTextColor>
    <SecondaryTextColor>-2147483642</SecondaryTextColor>
    <FoundTextColor>-2147483635</FoundTextColor>
    <UnselectableTextColor>-2147483631</UnselectableTextColor>
    <CursorColor>-2147483635</CursorColor>
    <ShortcutUnderCursor>-2147483634</ShortcutUnderCursor>
    <NormalTextUnderCursor>-2147483634</NormalTextUnderCursor>
    <SecondaryTextUnderCursor>-2147483628</SecondaryTextUnderCursor>
    <FoundTextUnderCursor>65535</FoundTextUnderCursor>
    <UnselectableUnderCursor>-2147483631</UnselectableUnderCursor>
  </TreeViewMenu>
  <HotKeySortOrder>0</HotKeySortOrder>
  <UseEnterToCloseHotKeyEditor>True</UseEnterToCloseHotKeyEditor>
  <MarkMaskCaseSensitive>False</MarkMaskCaseSensitive>
  <MarkMaskIgnoreAccents>False</MarkMaskIgnoreAccents>
  <MarkMaskFilterWindows>False</MarkMaskFilterWindows>
  <MarkShowWantedAttribute>False</MarkShowWantedAttribute>
  <MarkDefaultWantedAttribute/>
  <MarkLastWantedAttribute/>
  <MultiRenamePresets>
    <LastPreset>{BC322BF1-2185-47F6-9F99-D27ED1E23E53}</LastPreset>
    <Presets>
      <Preset>
        <Name>{BC322BF1-2185-47F6-9F99-D27ED1E23E53}</Name>
        <Filename>[N]</Filename>
        <Extension>[E]</Extension>
        <FilenameStyle>0</FilenameStyle>
        <ExtensionStyle>0</ExtensionStyle>
        <Find>simplescreenrecorder</Find>
        <Replace>ssr</Replace>
        <RegExp>False</RegExp>
        <UseSubs>False</UseSubs>
        <CaseSensitive>False</CaseSensitive>
        <OnlyFirst>False</OnlyFirst>
        <Counter>1</Counter>
        <Interval>1</Interval>
        <Width>0</Width>
        <Log>
          <Enabled>False</Enabled>
          <Append>False</Append>
          <File/>
        </Log>
      </Preset>
    </Presets>
  </MultiRenamePresets>
  <Differ>
    <Colors>
      <Added>11206570</Added>
      <Deleted>11184895</Deleted>
      <Modified>16755370</Modified>
      <Binary>
        <Modified>255</Modified>
      </Binary>
    </Colors>
    <IgnoreCase>False</IgnoreCase>
    <AutoCompare>True</AutoCompare>
    <KeepScrolling>True</KeepScrolling>
    <PaintBackground>True</PaintBackground>
    <LineDifferences>False</LineDifferences>
    <IgnoreWhiteSpace>False</IgnoreWhiteSpace>
  </Differ>
</doublecmd>
