<?xml version="1.0" encoding="UTF-8"?>
<doublecmd>
  <History>
    <Navigation>
      <Item>/home/baloo/Zenék/</Item>
      <Item>/home/baloo/</Item>
      <Item>/home/baloo/Képek/</Item>
      <Item>/home/baloo/slsk/</Item>
      <Item>/home/baloo/Tango_es_Love_utoszinkron/</Item>
      <Item>/home/baloo/Sophie's_stay_home_aerobic-yogalates/</Item>
      <Item>/home/baloo/Képek/humor/</Item>
      <Item>/home/baloo/2024.08.11-D&amp;G_re-eskuvo/</Item>
      <Item>/home/baloo/Videók/</Item>
      <Item>/home/baloo/Videók/x2/</Item>
      <Item>/home/baloo/Dokumentumok/</Item>
      <Item>/home/baloo/jdownloader/</Item>
      <Item>/home/baloo/Zenék/Dance Club Vol. 217  2023/</Item>
      <Item>/home/baloo/Zenék/Dance Club Vol. 217  2023/Part 3 (Trance)/</Item>
      <Item>/home/baloo/Zenék/Dance Club Vol. 217  2023/Part 4 (Relax)/</Item>
      <Item>/home/baloo/Zenék/juventus_mix/</Item>
      <Item>/home/baloo/32GB/</Item>
      <Item>/home/baloo/32GB/webcampics/</Item>
      <Item>/run/media/baloo/16GB/</Item>
      <Item>/run/media/baloo/16GB/v03/</Item>
      <Item>/run/media/baloo/16GB/v02/</Item>
      <Item>/run/media/baloo/16GB/v01/</Item>
      <Item>/home/baloo/Zenék/Dance Club Vol. 217  2023/Part 1 (Discoteka)/</Item>
      <Item>/home/baloo/Zenék/Mixxx/</Item>
      <Item>/home/baloo/Zenék/Mixxx/Recordings/</Item>
      <Item>/home/baloo/Zenék/Filmmuzeum-Privatfilmek/</Item>
      <Item>/home/baloo/Zenék/Filmmuzeum-Privatfilmek/Command_Center/</Item>
      <Item>/home/baloo/Zenék/Filmmuzeum-Privatfilmek/Andrew/</Item>
      <Item>/run/media/baloo/KING/backup-20240312-zeus/</Item>
      <Item>/run/media/baloo/KING/backup-20240312-zeus/Letoltesek/</Item>
      <Item>/run/media/baloo/KING/backup-20240312-zeus/Letoltesek/streamhez/</Item>
      <Item>/run/media/baloo/KING/backup-20240312-zeus/Letoltesek/waze_chuppito/</Item>
      <Item>/run/media/baloo/KING/backup-20240312-zeus/Letoltesek/lmms/</Item>
      <Item>/home/baloo/Letöltések/</Item>
      <Item>/home/baloo/Letöltések/RP-Scripts_PopOS/</Item>
      <Item>/home/baloo/Letöltések/Asus_B150M-A-M2_BIOS_v3806_20180601/</Item>
      <Item>/run/media/baloo/KING/backup-20240312-zeus/Letoltesek/Asus_B150M-A-M2_BIOS_v3806_20180601/</Item>
      <Item>/run/media/baloo/KING/backup-20240312-zeus/Letoltesek/Asus_B150M-A-M2_BIOS_v3806_20180601/Intel_ME_UpdateTool_v11.8.55.3510_20180831/</Item>
      <Item>/run/media/baloo/KING/backup-20240312-zeus/Letoltesek/Asus_B150M-A-M2_BIOS_v3806_20180601/Intel_ME_UpdateTool_v11.8.55.3510_20180831/MEUpdateTool_11.8.55.3510_I/</Item>
      <Item>/home/baloo/Letöltések/Total Commander v11.02 Final/</Item>
      <Item>/home/baloo/Letöltések/Total Commander v11.02 Final/Loader/</Item>
      <Item>/home/baloo/Letöltések/RP-Scripts_LinuxMint/</Item>
      <Item>/home/baloo/Letöltések/RP-Scripts_LinuxMint/RP-LinuxMintScript-KDE-HUN_v6/</Item>
      <Item>/home/baloo/Letöltések/Oneplus_3T_LineageOS/</Item>
      <Item>/home/baloo/Letöltések/oneplus3t/</Item>
      <Item>/home/baloo/Letöltések/BubbleTux/</Item>
      <Item>/home/baloo/Letöltések/BubbleTux/xfwm4/</Item>
      <Item>/home/baloo/Letöltések/bookmarkbackups-firefox/</Item>
      <Item>/home/baloo/Letöltések/iso/</Item>
      <Item>/home/baloo/Letöltések/font/</Item>
    </Navigation>
    <CommandLine/>
    <FileMask>
      <Item>*.*</Item>
    </FileMask>
    <VolumeSize/>
    <CreateDirectories>
      <Item Tag="0">waze_chuppito</Item>
      <Item Tag="0">lmms</Item>
      <Item Tag="0">streamhez</Item>
      <Item Tag="0">Asus_B150M-A-M2_BIOS_v3806_20180601</Item>
      <Item Tag="0">Letoltesek</Item>
      <Item Tag="0">klip</Item>
      <Item Tag="0">dr_motte_and_westbam-love_parade</Item>
      <Item Tag="0">alarmpi_image</Item>
      <Item Tag="0">2_Papa</Item>
    </CreateDirectories>
    <SearchText/>
    <SearchTextPath/>
    <ReplaceText/>
    <ReplaceTextPath/>
    <RenameNameMask>
      <Item>[N]</Item>
    </RenameNameMask>
    <RenameExtMask>
      <Item>[E]</Item>
    </RenameExtMask>
    <SearchDirectories/>
    <SearchExcludeFiles/>
    <SearchExcludeDirectories/>
  </History>
</doublecmd>
