<?xml version="1.0" encoding="UTF-8"?>
<doublecmd>
  <Tabs>
    <OpenedTabs>
      <Left>
        <ActiveTab>0</ActiveTab>
        <Tab>
          <FileView Type="columns">
            <Sortings>
              <Sorting>
                <Direction>1</Direction>
                <Function>12</Function>
              </Sorting>
            </Sortings>
            <History>
              <Entry Active="True">
                <FileSource Type="FileSystem"/>
                <Paths>
                  <Path Filename="Zenék">/home/baloo/</Path>
                  <Path Filename="Filmmuzeum-Privatfilmek">/home/baloo/Zenék/</Path>
                  <Path Filename="Andrew">/home/baloo/Zenék/Filmmuzeum-Privatfilmek/</Path>
                  <Path Filename="..">/home/baloo/Zenék/Filmmuzeum-Privatfilmek/Andrew/</Path>
                  <Path Filename="Command_Center">/home/baloo/Zenék/Filmmuzeum-Privatfilmek/</Path>
                  <Path Filename="..">/home/baloo/Zenék/Filmmuzeum-Privatfilmek/Command_Center/</Path>
                  <Path Filename="..">/home/baloo/Zenék/Filmmuzeum-Privatfilmek/</Path>
                  <Path Filename="Mixxx">/home/baloo/Zenék/</Path>
                  <Path Filename="Recordings">/home/baloo/Zenék/Mixxx/</Path>
                  <Path Filename="..">/home/baloo/Zenék/Mixxx/Recordings/</Path>
                  <Path Filename="..">/home/baloo/Zenék/Mixxx/</Path>
                  <Path Filename="Dance Club Vol. 217  2023">/home/baloo/Zenék/</Path>
                  <Path Filename="Part 1 (Discoteka)">/home/baloo/Zenék/Dance Club Vol. 217  2023/</Path>
                  <Path Filename="..">/home/baloo/Zenék/Dance Club Vol. 217  2023/Part 1 (Discoteka)/</Path>
                  <Path Filename="..">/home/baloo/Zenék/Dance Club Vol. 217  2023/</Path>
                  <Path Filename="..">/home/baloo/Zenék/</Path>
                  <Path Filename="Videók">/home/baloo/</Path>
                  <Path Filename="..">/home/baloo/Videók/</Path>
                  <Path Filename="jdownloader">/home/baloo/</Path>
                  <Path Filename="..">/home/baloo/jdownloader/</Path>
                  <Path Filename="jdownloader">/home/baloo/</Path>
                  <Path Filename="v01">/run/media/baloo/16GB/</Path>
                  <Path Filename="..">/run/media/baloo/16GB/v01/</Path>
                  <Path Filename="v02">/run/media/baloo/16GB/</Path>
                  <Path Filename="..">/run/media/baloo/16GB/v02/</Path>
                  <Path Filename="v03">/run/media/baloo/16GB/</Path>
                  <Path Filename="..">/run/media/baloo/16GB/v03/</Path>
                  <Path Filename="v03">/run/media/baloo/16GB/</Path>
                  <Path Filename="Videók">/home/baloo/</Path>
                  <Path Filename="..">/home/baloo/Videók/</Path>
                  <Path Filename="32GB">/home/baloo/</Path>
                  <Path Filename="webcampics">/home/baloo/32GB/</Path>
                  <Path Filename="..">/home/baloo/32GB/webcampics/</Path>
                  <Path Filename="..">/home/baloo/32GB/</Path>
                  <Path Filename="slsk">/home/baloo/</Path>
                  <Path Filename="..">/home/baloo/slsk/</Path>
                  <Path Filename="Képek">/home/baloo/</Path>
                  <Path Filename="humor">/home/baloo/Képek/</Path>
                  <Path Filename="..">/home/baloo/Képek/humor/</Path>
                  <Path Filename="x2">/home/baloo/Videók/</Path>
                  <Path Filename="..">/home/baloo/Videók/x2/</Path>
                  <Path Filename="..">/home/baloo/Videók/</Path>
                  <Path Filename="2024.08.11-D&amp;G_re-eskuvo">/home/baloo/</Path>
                  <Path Filename="..">/home/baloo/2024.08.11-D&amp;G_re-eskuvo/</Path>
                  <Path Filename="Képek">/home/baloo/</Path>
                  <Path Filename="humor">/home/baloo/Képek/</Path>
                  <Path Filename="..">/home/baloo/Képek/humor/</Path>
                  <Path Filename="humor">/home/baloo/Képek/</Path>
                  <Path Filename="Zenék">/home/baloo/</Path>
                  <Path Filename="..">/home/baloo/Zenék/</Path>
                </Paths>
              </Entry>
            </History>
            <ColumnsView>
              <ColumnsSet>Default</ColumnsSet>
            </ColumnsView>
          </FileView>
        </Tab>
      </Left>
      <Right>
        <ActiveTab>0</ActiveTab>
        <Tab>
          <FileView Type="columns">
            <Sortings>
              <Sorting>
                <Direction>1</Direction>
                <Function>12</Function>
              </Sorting>
            </Sortings>
            <History>
              <Entry Active="True">
                <FileSource Type="FileSystem"/>
                <Paths>
                  <Path Filename="Dokumentumok">/run/media/baloo/KING/backup-20240312-zeus/</Path>
                  <Path Filename="..">/run/media/baloo/KING/backup-20240312-zeus/Dokumentumok/</Path>
                  <Path Filename="Letoltesek">/run/media/baloo/KING/backup-20240312-zeus/</Path>
                  <Path Filename="Asus_B150M-A-M2_BIOS_v3806_20180601">/run/media/baloo/KING/backup-20240312-zeus/Letoltesek/</Path>
                  <Path Filename="Intel_ME_UpdateTool_v11.8.55.3510_20180831">/run/media/baloo/KING/backup-20240312-zeus/Letoltesek/Asus_B150M-A-M2_BIOS_v3806_20180601/</Path>
                  <Path Filename="MEUpdateTool_11.8.55.3510_I">/run/media/baloo/KING/backup-20240312-zeus/Letoltesek/Asus_B150M-A-M2_BIOS_v3806_20180601/Intel_ME_UpdateTool_v11.8.55.3510_20180831/</Path>
                  <Path Filename="..">/run/media/baloo/KING/backup-20240312-zeus/Letoltesek/Asus_B150M-A-M2_BIOS_v3806_20180601/Intel_ME_UpdateTool_v11.8.55.3510_20180831/MEUpdateTool_11.8.55.3510_I/</Path>
                  <Path Filename="..">/run/media/baloo/KING/backup-20240312-zeus/Letoltesek/Asus_B150M-A-M2_BIOS_v3806_20180601/Intel_ME_UpdateTool_v11.8.55.3510_20180831/</Path>
                  <Path Filename="..">/run/media/baloo/KING/backup-20240312-zeus/Letoltesek/Asus_B150M-A-M2_BIOS_v3806_20180601/</Path>
                  <Path Filename="..">/run/media/baloo/KING/backup-20240312-zeus/Letoltesek/</Path>
                  <Path Filename="Letoltesek">/run/media/baloo/KING/backup-20240312-zeus/</Path>
                  <Path Filename="Asus_B150M-A-M2_BIOS_v3806_20180601">/run/media/baloo/KING/backup-20240312-zeus/Letoltesek/</Path>
                  <Path Filename="..">/run/media/baloo/KING/backup-20240312-zeus/Letoltesek/Asus_B150M-A-M2_BIOS_v3806_20180601/</Path>
                  <Path Filename="streamhez">/run/media/baloo/KING/backup-20240312-zeus/Letoltesek/</Path>
                  <Path Filename="..">/run/media/baloo/KING/backup-20240312-zeus/Letoltesek/streamhez/</Path>
                  <Path Filename="lmms">/run/media/baloo/KING/backup-20240312-zeus/Letoltesek/</Path>
                  <Path Filename="..">/run/media/baloo/KING/backup-20240312-zeus/Letoltesek/lmms/</Path>
                  <Path Filename="waze_chuppito">/run/media/baloo/KING/backup-20240312-zeus/Letoltesek/</Path>
                  <Path Filename="..">/run/media/baloo/KING/backup-20240312-zeus/Letoltesek/waze_chuppito/</Path>
                  <Path Filename="streamhez">/run/media/baloo/KING/backup-20240312-zeus/Letoltesek/</Path>
                  <Path Filename="..">/run/media/baloo/KING/backup-20240312-zeus/Letoltesek/streamhez/</Path>
                  <Path Filename="..">/run/media/baloo/KING/backup-20240312-zeus/Letoltesek/</Path>
                  <Path Filename="Letoltesek">/run/media/baloo/KING/backup-20240312-zeus/</Path>
                  <Path Filename="Dokumentumok">/home/baloo/</Path>
                  <Path Filename="..">/home/baloo/Dokumentumok/</Path>
                  <Path Filename="Zenék">/home/baloo/</Path>
                  <Path Filename="juventus_mix">/home/baloo/Zenék/</Path>
                  <Path Filename="..">/home/baloo/Zenék/juventus_mix/</Path>
                  <Path Filename="Dance Club Vol. 217  2023">/home/baloo/Zenék/</Path>
                  <Path Filename="Part 4 (Relax)">/home/baloo/Zenék/Dance Club Vol. 217  2023/</Path>
                  <Path Filename="..">/home/baloo/Zenék/Dance Club Vol. 217  2023/Part 4 (Relax)/</Path>
                  <Path Filename="Part 3 (Trance)">/home/baloo/Zenék/Dance Club Vol. 217  2023/</Path>
                  <Path Filename="..">/home/baloo/Zenék/Dance Club Vol. 217  2023/Part 3 (Trance)/</Path>
                  <Path Filename="..">/home/baloo/Zenék/Dance Club Vol. 217  2023/</Path>
                  <Path Filename="..">/home/baloo/Zenék/</Path>
                  <Path Filename="jdownloader">/home/baloo/</Path>
                  <Path Filename="..">/home/baloo/jdownloader/</Path>
                  <Path Filename="Dokumentumok">/home/baloo/</Path>
                  <Path Filename="..">/home/baloo/Dokumentumok/</Path>
                  <Path Filename="Videók">/home/baloo/</Path>
                  <Path Filename="..">/home/baloo/Videók/</Path>
                  <Path Filename="Sophie&apos;s_stay_home_aerobic-yogalates">/home/baloo/</Path>
                  <Path Filename="..">/home/baloo/Sophie's_stay_home_aerobic-yogalates/</Path>
                  <Path Filename="Tango_es_Love_utoszinkron">/home/baloo/</Path>
                  <Path Filename="..">/home/baloo/Tango_es_Love_utoszinkron/</Path>
                  <Path Filename="Zenék">/home/baloo/</Path>
                  <Path Filename="..">/home/baloo/Zenék/</Path>
                  <Path Filename="slsk">/home/baloo/</Path>
                  <Path Filename="..">/home/baloo/slsk/</Path>
                  <Path Filename="Aerobic Hits Session 2024 (135 bpm⧸32 count) [F5t0dlyp-Eo].webm">/home/baloo/</Path>
                </Paths>
              </Entry>
            </History>
            <ColumnsView>
              <ColumnsSet>Default</ColumnsSet>
            </ColumnsView>
          </FileView>
        </Tab>
      </Right>
    </OpenedTabs>
  </Tabs>
</doublecmd>
